"Pokemon","Move","Qualifier"
"Abomasnow","Blizzard",""
"Abomasnow","Energy Ball",""
"Abomasnow","Frustration","Shadow"
"Abomasnow","Outrage",""
"Abomasnow","Return","Purified"
"Abomasnow","Weather Ball - Ice",""
"Abra","Frustration","Shadow"
"Abra","Psyshock",""
"Abra","Return","Purified"
"Abra","Shadow Ball",""
"Abra","Signal Beam",""
"Absol","Dark Pulse",""
"Absol","Frustration","Shadow"
"Absol","Megahorn",""
"Absol","Return","Purified"
"Absol","Thunder",""
"Accelgor","Acid Spray",""
"Accelgor","Bug Buzz",""
"Accelgor","Focus Blast",""
"Accelgor","Signal Beam",""
"Aerodactyl","Ancient Power",""
"Aerodactyl","Earth Power",""
"Aerodactyl","Hyper Beam",""
"Aerodactyl","Iron Head",""
"Aerodactyl","Rock Slide",""
"Aggron","Heavy Slam",""
"Aggron","Stone Edge",""
"Aggron","Thunder",""
"Aipom","Aerial Ace",""
"Aipom","Low Sweep",""
"Aipom","Swift",""
"Alakazam","Fire Punch",""
"Alakazam","Focus Blast",""
"Alakazam","Frustration","Shadow"
"Alakazam","Future Sight",""
"Alakazam","Return","Purified"
"Alakazam","Shadow Ball",""
"Alomomola","Blizzard",""
"Alomomola","Hydro Pump",""
"Alomomola","Psychic",""
"Altaria","Dazzling Gleam",""
"Altaria","Dragon Pulse",""
"Altaria","Sky Attack",""
"Ambipom","Aerial Ace",""
"Ambipom","Hyper Beam",""
"Ambipom","Low Sweep",""
"Amoonguss","Foul Play",""
"Amoonguss","Grass Knot",""
"Amoonguss","Sludge Bomb",""
"Ampharos","Dragon Pulse","Elite"
"Ampharos","Focus Blast",""
"Ampharos","Frustration","Shadow"
"Ampharos","Power Gem",""
"Ampharos","Return","Purified"
"Ampharos","Thunder",""
"Ampharos","Thunder Punch",""
"Ampharos","Zap Cannon",""
"Anorith","Ancient Power",""
"Anorith","Aqua Jet",""
"Anorith","Cross Poison",""
"Arbok","Acid Spray",""
"Arbok","Dark Pulse",""
"Arbok","Gunk Shot",""
"Arbok","Sludge Wave",""
"Arcanine","Crunch",""
"Arcanine","Fire Blast",""
"Arcanine","Flamethrower",""
"Arcanine","Frustration","Shadow"
"Arcanine","Return","Purified"
"Arcanine","Wild Charge",""
"Archen","Ancient Power",""
"Archen","Crunch",""
"Archen","Dragon Claw",""
"Archeops","Ancient Power",""
"Archeops","Crunch",""
"Archeops","Dragon Claw",""
"Ariados","Cross Poison",""
"Ariados","Megahorn",""
"Ariados","Shadow Sneak",""
"Armaldo","Cross Poison",""
"Armaldo","Rock Blast",""
"Armaldo","Water Pulse",""
"Aron","Body Slam",""
"Aron","Iron Head",""
"Aron","Rock Tomb",""
"Articuno","Ancient Power",""
"Articuno","Blizzard",""
"Articuno","Frustration","Shadow"
"Articuno","Ice Beam",""
"Articuno","Icy Wind",""
"Articuno","Return","Purified"
"Audino","Dazzling Gleam",""
"Audino","Disarming Voice",""
"Audino","Hyper Beam",""
"Axew","Aqua Tail",""
"Axew","Dragon Claw",""
"Axew","Dragon Pulse",""
"Azelf","Fire Blast",""
"Azelf","Future Sight",""
"Azelf","Swift",""
"Azumarill","Hydro Pump",""
"Azumarill","Ice Beam",""
"Azumarill","Play Rough",""
"Azurill","Body Slam",""
"Azurill","Bubble Beam",""
"Azurill","Ice Beam",""
"Bagon","Crunch",""
"Bagon","Flamethrower",""
"Bagon","Frustration","Shadow"
"Bagon","Return","Purified"
"Bagon","Twister",""
"Baltoy","Dig",""
"Baltoy","Gyro Ball",""
"Baltoy","Psybeam",""
"Banette","Dazzling Gleam",""
"Banette","Frustration","Shadow"
"Banette","Return","Purified"
"Banette","Shadow Ball",""
"Banette","Thunder",""
"Barboach","Aqua Tail",""
"Barboach","Ice Beam",""
"Barboach","Mud Bomb",""
"Basculin (Blue-Striped Form)","Aqua Jet",""
"Basculin (Blue-Striped Form)","Aqua Tail",""
"Basculin (Blue-Striped Form)","Muddy Water",""
"Basculin (Red-Striped Form)","Aqua Jet",""
"Basculin (Red-Striped Form)","Aqua Tail",""
"Basculin (Red-Striped Form)","Muddy Water",""
"Bastiodon","Flamethrower",""
"Bastiodon","Flash Cannon",""
"Bastiodon","Stone Edge",""
"Bayleef","Ancient Power",""
"Bayleef","Energy Ball",""
"Bayleef","Grass Knot",""
"Beartic","Ice Punch",""
"Beartic","Play Rough",""
"Beartic","Surf",""
"Beautifly","Air Cutter",""
"Beautifly","Bug Buzz",""
"Beautifly","Silver Wind",""
"Beedrill","Aerial Ace",""
"Beedrill","Fell Stinger",""
"Beedrill","Frustration","Shadow"
"Beedrill","Return","Purified"
"Beedrill","Sludge Bomb",""
"Beedrill","X-Scissor",""
"Beheeyem","Dark Pulse",""
"Beheeyem","Psychic",""
"Beheeyem","Rock Slide",""
"Beldum","Struggle",""
"Bellossom","Dazzling Gleam",""
"Bellossom","Frustration","Shadow"
"Bellossom","Leaf Blade",""
"Bellossom","Petal Blizzard",""
"Bellossom","Return","Purified"
"Bellsprout","Frustration","Shadow"
"Bellsprout","Power Whip",""
"Bellsprout","Return","Purified"
"Bellsprout","Sludge Bomb",""
"Bellsprout","Wrap",""
"Bibarel","Hyper Beam",""
"Bibarel","Hyper Fang",""
"Bibarel","Surf",""
"Bidoof","Crunch",""
"Bidoof","Grass Knot",""
"Bidoof","Hyper Fang",""
"Blastoise","Flash Cannon",""
"Blastoise","Frustration","Shadow"
"Blastoise","Hydro Cannon","Elite"
"Blastoise","Hydro Pump",""
"Blastoise","Ice Beam",""
"Blastoise","Return","Purified"
"Blastoise","Skull Bash",""
"Blaziken","Blast Burn","Elite"
"Blaziken","Blaze Kick",""
"Blaziken","Brave Bird",""
"Blaziken","Focus Blast",""
"Blaziken","Overheat",""
"Blissey","Dazzling Gleam",""
"Blissey","Hyper Beam",""
"Blissey","Psychic",""
"Blitzle","Discharge",""
"Blitzle","Flame Charge",""
"Blitzle","Thunderbolt",""
"Boldore","Bulldoze",""
"Boldore","Rock Slide",""
"Boldore","Stone Edge",""
"Bonsly","Earthquake",""
"Bonsly","Rock Slide",""
"Bonsly","Rock Tomb",""
"Bouffalant","Earthquake",""
"Bouffalant","Megahorn",""
"Bouffalant","Skull Bash",""
"Bouffalant","Stomp",""
"Braviary","Brave Bird",""
"Braviary","Close Combat",""
"Braviary","Heat Wave",""
"Braviary","Rock Slide",""
"Breloom","Dynamic Punch",""
"Breloom","Seed Bomb",""
"Breloom","Sludge Bomb",""
"Bronzong","Bulldoze",""
"Bronzong","Flash Cannon",""
"Bronzong","Heavy Slam",""
"Bronzong","Psychic",""
"Bronzong","Psyshock",""
"Bronzor","Gyro Ball",""
"Bronzor","Heavy Slam",""
"Bronzor","Psyshock",""
"Budew","Energy Ball",""
"Budew","Grass Knot",""
"Buizel","Aqua Jet",""
"Buizel","Swift",""
"Buizel","Water Pulse",""
"Bulbasaur","Frustration","Shadow"
"Bulbasaur","Power Whip",""
"Bulbasaur","Return","Purified"
"Bulbasaur","Seed Bomb",""
"Bulbasaur","Sludge Bomb",""
"Buneary","Fire Punch",""
"Buneary","Swift",""
"Burmy (Plant Cloak)","Struggle",""
"Burmy (Sandy Cloak)","Struggle",""
"Burmy (Trash Cloak)","Struggle",""
"Butterfree","Bug Buzz",""
"Butterfree","Psychic",""
"Butterfree","Signal Beam",""
"Cacnea","Brick Break",""
"Cacnea","Frustration","Shadow"
"Cacnea","Grass Knot",""
"Cacnea","Return","Purified"
"Cacnea","Seed Bomb",""
"Cacturne","Dark Pulse",""
"Cacturne","Dynamic Punch",""
"Cacturne","Frustration","Shadow"
"Cacturne","Grass Knot",""
"Cacturne","Return","Purified"
"Camerupt","Earth Power",""
"Camerupt","Earthquake",""
"Camerupt","Overheat",""
"Camerupt","Solar Beam",""
"Carnivine","Crunch",""
"Carnivine","Energy Ball",""
"Carnivine","Power Whip",""
"Carracosta","Ancient Power",""
"Carracosta","Body Slam",""
"Carracosta","Surf",""
"Carvanha","Aqua Jet",""
"Carvanha","Crunch",""
"Carvanha","Poison Fang",""
"Cascoon","Struggle",""
"Castform","Energy Ball",""
"Castform","Hurricane",""
"Castform","Weather Ball - Normal",""
"Castform (Rainy Form)","Hydro Pump",""
"Castform (Rainy Form)","Thunder",""
"Castform (Rainy Form)","Weather Ball - Water",""
"Castform (Snowy Form)","Blizzard",""
"Castform (Snowy Form)","Ice Beam",""
"Castform (Snowy Form)","Weather Ball - Ice",""
"Castform (Sunny Form)","Fire Blast",""
"Castform (Sunny Form)","Solar Beam",""
"Castform (Sunny Form)","Weather Ball - Fire",""
"Caterpie","Struggle",""
"Celebi","Dazzling Gleam",""
"Celebi","Hyper Beam",""
"Celebi","Psychic",""
"Celebi","Seed Bomb",""
"Chandelure","Energy Ball",""
"Chandelure","Overheat",""
"Chandelure","Shadow Ball",""
"Chansey","Dazzling Gleam",""
"Chansey","Hyper Beam",""
"Chansey","Psychic",""
"Charizard","Blast Burn","Elite"
"Charizard","Dragon Claw",""
"Charizard","Fire Blast",""
"Charizard","Frustration","Shadow"
"Charizard","Overheat",""
"Charizard","Return","Purified"
"Charmander","Flame Burst",""
"Charmander","Flame Charge",""
"Charmander","Flamethrower",""
"Charmander","Frustration","Shadow"
"Charmander","Return","Purified"
"Charmeleon","Fire Punch",""
"Charmeleon","Flame Burst",""
"Charmeleon","Flamethrower",""
"Charmeleon","Frustration","Shadow"
"Charmeleon","Return","Purified"
"Chatot","Heat Wave",""
"Chatot","Night Shade",""
"Chatot","Sky Attack",""
"Cherrim (Overcast Form)","Dazzling Gleam",""
"Cherrim (Overcast Form)","Hyper Beam",""
"Cherrim (Overcast Form)","Solar Beam",""
"Cherrim (Sunshine Form)","Dazzling Gleam",""
"Cherrim (Sunshine Form)","Hyper Beam",""
"Cherrim (Sunshine Form)","Solar Beam",""
"Cherrim (Sunshine Form)","Weather Ball - Fire",""
"Cherubi","Dazzling Gleam",""
"Cherubi","Petal Blizzard",""
"Cherubi","Seed Bomb",""
"Chikorita","Body Slam",""
"Chikorita","Energy Ball",""
"Chikorita","Grass Knot",""
"Chimchar","Flame Charge",""
"Chimchar","Flame Wheel",""
"Chimchar","Flamethrower",""
"Chimecho","Energy Ball",""
"Chimecho","Psyshock",""
"Chimecho","Shadow Ball",""
"Chinchou","Bubble Beam",""
"Chinchou","Thunderbolt",""
"Chinchou","Water Pulse",""
"Chingling","Psyshock",""
"Chingling","Shadow Ball",""
"Chingling","Wrap",""
"Cinccino","Aqua Tail",""
"Cinccino","Hyper Beam",""
"Cinccino","Thunderbolt",""
"Clamperl","Body Slam",""
"Clamperl","Ice Beam",""
"Clamperl","Water Pulse",""
"Claydol","Earth Power",""
"Claydol","Earthquake",""
"Claydol","Gyro Ball",""
"Claydol","Psychic",""
"Clefable","Dazzling Gleam",""
"Clefable","Meteor Mash",""
"Clefable","Moonblast",""
"Clefable","Psychic",""
"Clefairy","Body Slam",""
"Clefairy","Disarming Voice",""
"Clefairy","Moonblast",""
"Cleffa","Grass Knot",""
"Cleffa","Psyshock",""
"Cleffa","Signal Beam",""
"Cloyster","Aurora Beam",""
"Cloyster","Avalanche",""
"Cloyster","Hydro Pump",""
"Cloyster","Icy Wind",""
"Cobalion","Close Combat",""
"Cobalion","Iron Head",""
"Cobalion","Stone Edge",""
"Cofagrigus","Dark Pulse",""
"Cofagrigus","Psychic",""
"Cofagrigus","Shadow Ball",""
"Combee","Bug Buzz",""
"Combusken","Flame Charge",""
"Combusken","Flamethrower",""
"Combusken","Rock Slide",""
"Conkeldurr","Dynamic Punch",""
"Conkeldurr","Focus Blast",""
"Conkeldurr","Stone Edge",""
"Corphish","Aqua Jet",""
"Corphish","Bubble Beam",""
"Corphish","Vise Grip",""
"Corsola","Bubble Beam",""
"Corsola","Power Gem",""
"Corsola","Rock Blast",""
"Cottonee","Energy Ball",""
"Cottonee","Grass Knot",""
"Cottonee","Seed Bomb",""
"Cradily","Bulldoze",""
"Cradily","Grass Knot",""
"Cradily","Stone Edge",""
"Cranidos","Ancient Power",""
"Cranidos","Bulldoze",""
"Cranidos","Rock Tomb",""
"Crawdaunt","Bubble Beam",""
"Crawdaunt","Crabhammer",""
"Crawdaunt","Night Slash",""
"Crawdaunt","Vise Grip",""
"Cresselia","Aurora Beam",""
"Cresselia","Future Sight",""
"Cresselia","Moonblast",""
"Croagunk","Brick Break",""
"Croagunk","Low Sweep",""
"Croagunk","Sludge Bomb",""
"Crobat","Air Cutter",""
"Crobat","Frustration","Shadow"
"Crobat","Return","Purified"
"Crobat","Shadow Ball",""
"Crobat","Sludge Bomb",""
"Croconaw","Crunch",""
"Croconaw","Ice Punch",""
"Croconaw","Water Pulse",""
"Crustle","Rock Blast",""
"Crustle","Rock Slide",""
"Crustle","X-Scissor",""
"Cryogonal","Aurora Beam",""
"Cryogonal","Night Slash",""
"Cryogonal","Solar Beam",""
"Cryogonal","Water Pulse",""
"Cubchoo","Ice Punch",""
"Cubchoo","Icy Wind",""
"Cubchoo","Play Rough",""
"Cubone","Bone Club",""
"Cubone","Bulldoze",""
"Cubone","Dig",""
"Cubone","Frustration","Shadow"
"Cubone","Return","Purified"
"Cyndaquil","Flame Charge",""
"Cyndaquil","Flamethrower",""
"Cyndaquil","Swift",""
"Darkrai","Dark Pulse",""
"Darkrai","Focus Blast",""
"Darkrai","Shadow Ball",""
"Darmanitan (Galarian Standard Mode)","Avalanche",""
"Darmanitan (Galarian Standard Mode)","Ice Punch",""
"Darmanitan (Galarian Standard Mode)","Overheat",""
"Darmanitan (Galarian Standard Mode)","Superpower",""
"Darmanitan (Standard Mode)","Focus Blast",""
"Darmanitan (Standard Mode)","Overheat",""
"Darmanitan (Standard Mode)","Psychic",""
"Darmanitan (Standard Mode)","Rock Slide",""
"Darumaka","Fire Punch",""
"Darumaka","Flame Charge",""
"Darumaka (Galarian Darumaka)","Ice Beam",""
"Darumaka (Galarian Darumaka)","Ice Punch",""
"Deino","Body Slam",""
"Deino","Crunch",""
"Deino","Dragon Pulse",""
"Delcatty","Disarming Voice",""
"Delcatty","Play Rough",""
"Delcatty","Wild Charge",""
"Delibird","Aerial Ace",""
"Delibird","Frustration","Shadow"
"Delibird","Ice Punch",""
"Delibird","Icy Wind",""
"Delibird","Return","Purified"
"Deoxys (Attack Forme)","Dark Pulse",""
"Deoxys (Attack Forme)","Psycho Boost",""
"Deoxys (Attack Forme)","Zap Cannon",""
"Deoxys (Defense Forme)","Psycho Boost",""
"Deoxys (Defense Forme)","Rock Slide",""
"Deoxys (Defense Forme)","Thunderbolt",""
"Deoxys (Normal Forme)","Hyper Beam",""
"Deoxys (Normal Forme)","Psycho Boost",""
"Deoxys (Normal Forme)","Zap Cannon",""
"Deoxys (Speed Forme)","Psycho Boost",""
"Deoxys (Speed Forme)","Swift",""
"Deoxys (Speed Forme)","Thunderbolt",""
"Dewgong","Aurora Beam",""
"Dewgong","Blizzard",""
"Dewgong","Water Pulse",""
"Dewott","Aqua Tail",""
"Dewott","Water Pulse",""
"Dewott","X-Scissor",""
"Dialga","Draco Meteor",""
"Dialga","Iron Head",""
"Dialga","Thunder",""
"Diglett","Dig",""
"Diglett","Mud Bomb",""
"Diglett","Rock Tomb",""
"Diglett (Alolan Diglett)","Dig",""
"Diglett (Alolan Diglett)","Mud Bomb",""
"Diglett (Alolan Diglett)","Rock Tomb",""
"Ditto","Struggle",""
"Dodrio","Aerial Ace",""
"Dodrio","Brave Bird",""
"Dodrio","Drill Peck",""
"Doduo","Aerial Ace",""
"Doduo","Brave Bird",""
"Doduo","Drill Peck",""
"Donphan","Earthquake",""
"Donphan","Heavy Slam",""
"Donphan","Play Rough",""
"Dragonair","Aqua Tail",""
"Dragonair","Dragon Pulse",""
"Dragonair","Frustration","Shadow"
"Dragonair","Return","Purified"
"Dragonair","Wrap",""
"Dragonite","Draco Meteor","Elite"
"Dragonite","Dragon Claw",""
"Dragonite","Frustration","Shadow"
"Dragonite","Hurricane",""
"Dragonite","Hyper Beam",""
"Dragonite","Outrage",""
"Dragonite","Return","Purified"
"Drapion","Aqua Tail",""
"Drapion","Crunch",""
"Drapion","Fell Stinger",""
"Drapion","Sludge Bomb",""
"Dratini","Aqua Tail",""
"Dratini","Frustration","Shadow"
"Dratini","Return","Purified"
"Dratini","Twister",""
"Dratini","Wrap",""
"Drifblim","Icy Wind",""
"Drifblim","Ominous Wind",""
"Drifblim","Shadow Ball",""
"Drifloon","Icy Wind",""
"Drifloon","Ominous Wind",""
"Drifloon","Shadow Ball",""
"Drilbur","Dig",""
"Drilbur","Drill Run",""
"Drilbur","Rock Tomb",""
"Drowzee","Frustration","Shadow"
"Drowzee","Psybeam",""
"Drowzee","Psychic",""
"Drowzee","Psyshock",""
"Drowzee","Return","Purified"
"Ducklett","Aerial Ace",""
"Ducklett","Brave Bird",""
"Ducklett","Bubble Beam",""
"Dugtrio","Earthquake",""
"Dugtrio","Mud Bomb",""
"Dugtrio","Stone Edge",""
"Dugtrio (Alolan Dugtrio)","Earthquake",""
"Dugtrio (Alolan Dugtrio)","Iron Head",""
"Dugtrio (Alolan Dugtrio)","Mud Bomb",""
"Dunsparce","Dig",""
"Dunsparce","Drill Run",""
"Dunsparce","Rock Slide",""
"Duosion","Night Shade",""
"Duosion","Psyshock",""
"Duosion","Thunder",""
"Durant","Iron Head",""
"Durant","Stone Edge",""
"Durant","X-Scissor",""
"Dusclops","Fire Punch",""
"Dusclops","Frustration","Shadow"
"Dusclops","Ice Punch",""
"Dusclops","Return","Purified"
"Dusclops","Shadow Punch",""
"Dusknoir","Dark Pulse",""
"Dusknoir","Frustration","Shadow"
"Dusknoir","Ominous Wind",""
"Dusknoir","Psychic",""
"Dusknoir","Return","Purified"
"Duskull","Frustration","Shadow"
"Duskull","Night Shade",""
"Duskull","Ominous Wind",""
"Duskull","Return","Purified"
"Duskull","Shadow Sneak",""
"Dustox","Bug Buzz",""
"Dustox","Silver Wind",""
"Dustox","Sludge Bomb",""
"Dwebble","Rock Blast",""
"Dwebble","Rock Tomb",""
"Dwebble","X-Scissor",""
"Eevee","Dig",""
"Eevee","Last Resort","Elite"
"Eevee","Swift",""
"Ekans","Poison Fang",""
"Ekans","Sludge Bomb",""
"Ekans","Wrap",""
"Electabuzz","Frustration","Shadow"
"Electabuzz","Return","Purified"
"Electabuzz","Thunder",""
"Electabuzz","Thunder Punch",""
"Electabuzz","Thunderbolt",""
"Electivire","Frustration","Shadow"
"Electivire","Ice Punch",""
"Electivire","Return","Purified"
"Electivire","Thunder",""
"Electivire","Thunder Punch",""
"Electivire","Wild Charge",""
"Electrike","Discharge",""
"Electrike","Swift",""
"Electrike","Thunderbolt",""
"Electrode","Discharge",""
"Electrode","Foul Play",""
"Electrode","Hyper Beam",""
"Electrode","Thunderbolt",""
"Elekid","Brick Break",""
"Elekid","Discharge",""
"Elekid","Thunder Punch",""
"Elgyem","Dark Pulse",""
"Elgyem","Psybeam",""
"Elgyem","Psychic",""
"Emboar","Focus Blast",""
"Emboar","Heat Wave",""
"Emboar","Rock Slide",""
"Emolga","Aerial Ace",""
"Emolga","Discharge",""
"Emolga","Thunderbolt",""
"Empoleon","Blizzard",""
"Empoleon","Drill Peck",""
"Empoleon","Flash Cannon",""
"Empoleon","Hydro Cannon","Elite"
"Empoleon","Hydro Pump",""
"Entei","Fire Blast",""
"Entei","Flamethrower",""
"Entei","Iron Head",""
"Entei","Overheat",""
"Escavalier","Acid Spray",""
"Escavalier","Aerial Ace",""
"Escavalier","Drill Run",""
"Escavalier","Megahorn",""
"Espeon","Future Sight",""
"Espeon","Last Resort","Elite"
"Espeon","Psybeam",""
"Espeon","Psychic",""
"Excadrill","Drill Run",""
"Excadrill","Earthquake",""
"Excadrill","Iron Head",""
"Excadrill","Rock Slide",""
"Exeggcute","Ancient Power",""
"Exeggcute","Psychic",""
"Exeggcute","Seed Bomb",""
"Exeggutor","Psychic",""
"Exeggutor","Seed Bomb",""
"Exeggutor","Solar Beam",""
"Exeggutor (Alolan Exeggutor)","Dragon Pulse",""
"Exeggutor (Alolan Exeggutor)","Seed Bomb",""
"Exeggutor (Alolan Exeggutor)","Solar Beam",""
"Exploud","Crunch",""
"Exploud","Disarming Voice",""
"Exploud","Fire Blast",""
"Farfetch'd","Aerial Ace",""
"Farfetch'd","Air Cutter",""
"Farfetch'd","Leaf Blade",""
"Farfetch'd (Galarian Farfetch'd)","Brave Bird",""
"Farfetch'd (Galarian Farfetch'd)","Brick Break",""
"Farfetch'd (Galarian Farfetch'd)","Leaf Blade",""
"Fearow","Aerial Ace",""
"Fearow","Drill Run",""
"Fearow","Sky Attack",""
"Feebas","Mirror Coat",""
"Feraligatr","Crunch",""
"Feraligatr","Hydro Cannon","Elite"
"Feraligatr","Hydro Pump",""
"Feraligatr","Ice Beam",""
"Ferroseed","Flash Cannon",""
"Ferroseed","Gyro Ball",""
"Ferroseed","Iron Head",""
"Ferrothorn","Acid Spray",""
"Ferrothorn","Flash Cannon",""
"Ferrothorn","Mirror Shot",""
"Ferrothorn","Power Whip",""
"Ferrothorn","Thunder",""
"Finneon","Ice Beam",""
"Finneon","Silver Wind",""
"Finneon","Water Pulse",""
"Flaaffy","Discharge",""
"Flaaffy","Frustration","Shadow"
"Flaaffy","Power Gem",""
"Flaaffy","Return","Purified"
"Flaaffy","Thunderbolt",""
"Flareon","Fire Blast",""
"Flareon","Flamethrower",""
"Flareon","Last Resort","Elite"
"Flareon","Overheat",""
"Floatzel","Aqua Jet",""
"Floatzel","Hydro Pump",""
"Floatzel","Swift",""
"Flygon","Dragon Claw",""
"Flygon","Earth Power","Elite"
"Flygon","Earthquake",""
"Flygon","Frustration","Shadow"
"Flygon","Return","Purified"
"Flygon","Stone Edge",""
"Foongus","Body Slam",""
"Foongus","Energy Ball",""
"Foongus","Grass Knot",""
"Forretress","Earthquake",""
"Forretress","Heavy Slam",""
"Forretress","Mirror Shot",""
"Forretress","Rock Tomb",""
"Forretress","Sand Tomb",""
"Fraxure","Aqua Tail",""
"Fraxure","Dragon Claw",""
"Fraxure","Night Slash",""
"Froslass","Avalanche",""
"Froslass","Crunch",""
"Froslass","Shadow Ball",""
"Furret","Brick Break",""
"Furret","Dig",""
"Furret","Hyper Beam",""
"Gabite","Dig",""
"Gabite","Flamethrower",""
"Gabite","Twister",""
"Gallade","Close Combat",""
"Gallade","Frustration","Shadow"
"Gallade","Leaf Blade",""
"Gallade","Psychic",""
"Gallade","Return","Purified"
"Gallade","Synchronoise","Elite"
"Galvantula","Bug Buzz",""
"Galvantula","Cross Poison",""
"Galvantula","Discharge",""
"Galvantula","Energy Ball",""
"Garbodor","Acid Spray",""
"Garbodor","Body Slam",""
"Garbodor","Gunk Shot",""
"Garbodor","Seed Bomb",""
"Garchomp","Earthquake",""
"Garchomp","Fire Blast",""
"Garchomp","Outrage",""
"Garchomp","Sand Tomb",""
"Gardevoir","Dazzling Gleam",""
"Gardevoir","Frustration","Shadow"
"Gardevoir","Psychic",""
"Gardevoir","Return","Purified"
"Gardevoir","Shadow Ball",""
"Gardevoir","Synchronoise","Elite"
"Gastly","Dark Pulse",""
"Gastly","Night Shade",""
"Gastly","Sludge Bomb",""
"Gastrodon (East Sea)","Body Slam",""
"Gastrodon (East Sea)","Earth Power",""
"Gastrodon (East Sea)","Water Pulse",""
"Gastrodon (West Sea)","Body Slam",""
"Gastrodon (West Sea)","Earth Power",""
"Gastrodon (West Sea)","Water Pulse",""
"Genesect","Hyper Beam",""
"Genesect","Magnet Bomb",""
"Genesect","X-Scissor",""
"Gengar","Focus Blast",""
"Gengar","Shadow Ball",""
"Gengar","Sludge Bomb",""
"Geodude","Dig",""
"Geodude","Rock Slide",""
"Geodude","Rock Tomb",""
"Geodude (Alolan Geodude)","Rock Slide",""
"Geodude (Alolan Geodude)","Rock Tomb",""
"Geodude (Alolan Geodude)","Thunderbolt",""
"Gible","Body Slam",""
"Gible","Dig",""
"Gible","Twister",""
"Gigalith","Heavy Slam",""
"Gigalith","Rock Slide",""
"Gigalith","Solar Beam",""
"Gigalith","Superpower",""
"Girafarig","Mirror Coat",""
"Girafarig","Psychic",""
"Girafarig","Thunderbolt",""
"Giratina (Altered Forme)","Ancient Power",""
"Giratina (Altered Forme)","Dragon Claw",""
"Giratina (Altered Forme)","Shadow Sneak",""
"Giratina (Origin Forme)","Dragon Pulse",""
"Giratina (Origin Forme)","Ominous Wind",""
"Giratina (Origin Forme)","Shadow Ball",""
"Glaceon","Avalanche",""
"Glaceon","Ice Beam",""
"Glaceon","Icy Wind",""
"Glaceon","Last Resort","Elite"
"Glalie","Avalanche",""
"Glalie","Gyro Ball",""
"Glalie","Shadow Ball",""
"Glameow","Aerial Ace",""
"Glameow","Play Rough",""
"Glameow","Thunderbolt",""
"Gligar","Aerial Ace",""
"Gligar","Dig",""
"Gligar","Night Slash",""
"Gliscor","Aerial Ace",""
"Gliscor","Earthquake",""
"Gliscor","Night Slash",""
"Gliscor","Sand Tomb",""
"Gloom","Frustration","Shadow"
"Gloom","Moonblast",""
"Gloom","Petal Blizzard",""
"Gloom","Return","Purified"
"Gloom","Sludge Bomb",""
"Golbat","Air Cutter",""
"Golbat","Frustration","Shadow"
"Golbat","Poison Fang",""
"Golbat","Return","Purified"
"Golbat","Shadow Ball",""
"Goldeen","Aqua Tail",""
"Goldeen","Horn Attack",""
"Goldeen","Water Pulse",""
"Golduck","Bubble Beam",""
"Golduck","Cross Chop",""
"Golduck","Frustration","Shadow"
"Golduck","Hydro Pump",""
"Golduck","Ice Beam",""
"Golduck","Psychic",""
"Golduck","Return","Purified"
"Golduck","Synchronoise",""
"Golem","Ancient Power",""
"Golem","Earthquake",""
"Golem","Rock Blast",""
"Golem","Stone Edge",""
"Golem (Alolan Golem)","Rock Blast",""
"Golem (Alolan Golem)","Stone Edge",""
"Golem (Alolan Golem)","Wild Charge",""
"Golett","Brick Break",""
"Golett","Night Shade",""
"Golett","Shadow Punch",""
"Golurk","Dynamic Punch",""
"Golurk","Earth Power",""
"Golurk","Shadow Punch",""
"Gorebyss","Draining Kiss",""
"Gorebyss","Psychic",""
"Gorebyss","Water Pulse",""
"Gothita","Psybeam",""
"Gothita","Psychic",""
"Gothita","Psyshock",""
"Gothitelle","Future Sight",""
"Gothitelle","Psychic",""
"Gothitelle","Rock Slide",""
"Gothorita","Future Sight",""
"Gothorita","Psybeam",""
"Gothorita","Psychic",""
"Granbull","Close Combat",""
"Granbull","Crunch",""
"Granbull","Play Rough",""
"Graveler","Dig",""
"Graveler","Rock Blast",""
"Graveler","Stone Edge",""
"Graveler (Alolan Graveler)","Rock Blast",""
"Graveler (Alolan Graveler)","Stone Edge",""
"Graveler (Alolan Graveler)","Thunderbolt",""
"Grimer","Frustration","Shadow"
"Grimer","Mud Bomb",""
"Grimer","Return","Purified"
"Grimer","Sludge",""
"Grimer","Sludge Bomb",""
"Grimer (Alolan Grimer)","Crunch",""
"Grimer (Alolan Grimer)","Gunk Shot",""
"Grimer (Alolan Grimer)","Sludge Bomb",""
"Grotle","Body Slam",""
"Grotle","Energy Ball",""
"Grotle","Frustration","Shadow"
"Grotle","Return","Purified"
"Grotle","Solar Beam",""
"Groudon","Earthquake",""
"Groudon","Fire Blast",""
"Groudon","Solar Beam",""
"Grovyle","Aerial Ace",""
"Grovyle","Grass Knot",""
"Grovyle","Leaf Blade",""
"Growlithe","Body Slam",""
"Growlithe","Flame Wheel",""
"Growlithe","Flamethrower",""
"Growlithe","Frustration","Shadow"
"Growlithe","Return","Purified"
"Grumpig","Mirror Coat",""
"Grumpig","Psychic",""
"Grumpig","Shadow Ball",""
"Gulpin","Gunk Shot",""
"Gulpin","Ice Beam",""
"Gulpin","Sludge",""
"Gurdurr","Brick Break",""
"Gurdurr","Low Sweep",""
"Gurdurr","Stone Edge",""
"Gyarados","Crunch",""
"Gyarados","Frustration","Shadow"
"Gyarados","Hydro Pump",""
"Gyarados","Outrage",""
"Gyarados","Return","Purified"
"Gyarados","Twister",""
"Happiny","Psychic",""
"Hariyama","Close Combat",""
"Hariyama","Dynamic Punch",""
"Hariyama","Heavy Slam",""
"Hariyama","Superpower",""
"Haunter","Dark Pulse",""
"Haunter","Shadow Ball",""
"Haunter","Shadow Punch",""
"Haunter","Sludge Bomb",""
"Haxorus","Dragon Claw",""
"Haxorus","Earthquake",""
"Haxorus","Night Slash",""
"Haxorus","Surf",""
"Heatmor","Flamethrower",""
"Heatmor","Power-Up Punch",""
"Heatmor","Thunder Punch",""
"Heatran","Fire Blast",""
"Heatran","Flamethrower",""
"Heatran","Iron Head",""
"Heatran","Stone Edge",""
"Heracross","Close Combat",""
"Heracross","Earthquake",""
"Heracross","Megahorn",""
"Herdier","Dig",""
"Herdier","Play Rough",""
"Herdier","Thunderbolt",""
"Hippopotas","Body Slam",""
"Hippopotas","Dig",""
"Hippopotas","Rock Tomb",""
"Hippowdon","Body Slam",""
"Hippowdon","Earth Power",""
"Hippowdon","Earthquake",""
"Hippowdon","Stone Edge",""
"Hitmonchan","Close Combat",""
"Hitmonchan","Fire Punch",""
"Hitmonchan","Frustration","Shadow"
"Hitmonchan","Ice Punch",""
"Hitmonchan","Power-Up Punch",""
"Hitmonchan","Return","Purified"
"Hitmonchan","Thunder Punch",""
"Hitmonlee","Close Combat",""
"Hitmonlee","Frustration","Shadow"
"Hitmonlee","Low Sweep",""
"Hitmonlee","Return","Purified"
"Hitmonlee","Stone Edge",""
"Hitmontop","Close Combat",""
"Hitmontop","Gyro Ball",""
"Hitmontop","Stone Edge",""
"Honchkrow","Brave Bird",""
"Honchkrow","Dark Pulse",""
"Honchkrow","Psychic",""
"Honchkrow","Sky Attack",""
"Ho-oh","Brave Bird",""
"Ho-oh","Fire Blast",""
"Ho-oh","Solar Beam",""
"Hoothoot","Aerial Ace",""
"Hoothoot","Night Shade",""
"Hoothoot","Sky Attack",""
"Hoppip","Dazzling Gleam",""
"Hoppip","Grass Knot",""
"Hoppip","Seed Bomb",""
"Horsea","Bubble Beam",""
"Horsea","Dragon Pulse",""
"Horsea","Flash Cannon",""
"Houndoom","Crunch",""
"Houndoom","Fire Blast",""
"Houndoom","Flamethrower",""
"Houndoom","Foul Play",""
"Houndoom","Frustration","Shadow"
"Houndoom","Return","Purified"
"Houndour","Crunch",""
"Houndour","Dark Pulse",""
"Houndour","Flamethrower",""
"Houndour","Frustration","Shadow"
"Houndour","Return","Purified"
"Huntail","Aqua Tail",""
"Huntail","Crunch",""
"Huntail","Ice Beam",""
"Hydreigon","Dark Pulse",""
"Hydreigon","Dragon Pulse",""
"Hydreigon","Flash Cannon",""
"Hypno","Fire Punch",""
"Hypno","Focus Blast",""
"Hypno","Frustration","Shadow"
"Hypno","Future Sight",""
"Hypno","Ice Punch",""
"Hypno","Psychic",""
"Hypno","Return","Purified"
"Hypno","Shadow Ball",""
"Hypno","Thunder Punch",""
"Igglybuff","Psychic",""
"Igglybuff","Shadow Ball",""
"Igglybuff","Wild Charge",""
"Illumise","Bug Buzz",""
"Illumise","Dazzling Gleam",""
"Illumise","Silver Wind",""
"Infernape","Blast Burn","Elite"
"Infernape","Close Combat",""
"Infernape","Flamethrower",""
"Infernape","Solar Beam",""
"Ivysaur","Frustration","Shadow"
"Ivysaur","Power Whip",""
"Ivysaur","Return","Purified"
"Ivysaur","Sludge Bomb",""
"Ivysaur","Solar Beam",""
"Jigglypuff","Dazzling Gleam",""
"Jigglypuff","Disarming Voice",""
"Jigglypuff","Gyro Ball",""
"Jirachi","Dazzling Gleam",""
"Jirachi","Doom Desire",""
"Jirachi","Psychic",""
"Jolteon","Discharge",""
"Jolteon","Last Resort","Elite"
"Jolteon","Thunder",""
"Jolteon","Thunderbolt",""
"Joltik","Bug Buzz",""
"Joltik","Cross Poison",""
"Joltik","Discharge",""
"Jumpluff","Aerial Ace",""
"Jumpluff","Dazzling Gleam",""
"Jumpluff","Energy Ball",""
"Jumpluff","Solar Beam",""
"Jynx","Avalanche",""
"Jynx","Draining Kiss",""
"Jynx","Focus Blast",""
"Jynx","Psyshock",""
"Kabuto","Ancient Power",""
"Kabuto","Aqua Jet",""
"Kabuto","Rock Tomb",""
"Kabutops","Ancient Power",""
"Kabutops","Stone Edge",""
"Kabutops","Water Pulse",""
"Kadabra","Dazzling Gleam",""
"Kadabra","Frustration","Shadow"
"Kadabra","Psybeam",""
"Kadabra","Return","Purified"
"Kadabra","Shadow Ball",""
"Kakuna","Frustration","Shadow"
"Kakuna","Return","Purified"
"Kakuna","Struggle",""
"Kangaskhan","Crunch",""
"Kangaskhan","Earthquake",""
"Kangaskhan","Outrage",""
"Kangaskhan","Power-Up Punch",""
"Karrablast","Aerial Ace",""
"Karrablast","Drill Run",""
"Karrablast","Signal Beam",""
"Karrablast","X-Scissor",""
"Kingdra","Blizzard",""
"Kingdra","Hydro Pump",""
"Kingdra","Octazooka",""
"Kingdra","Outrage",""
"Kingler","Crabhammer",""
"Kingler","Vise Grip",""
"Kingler","Water Pulse",""
"Kingler","X-Scissor",""
"Kirlia","Disarming Voice",""
"Kirlia","Frustration","Shadow"
"Kirlia","Psychic",""
"Kirlia","Return","Purified"
"Kirlia","Shadow Sneak",""
"Klang","Thunderbolt",""
"Klang","Vise Grip",""
"Klang","Zap Cannon",""
"Klink","Discharge",""
"Klink","Vise Grip",""
"Klink","Zap Cannon",""
"Klinklang","Flash Cannon",""
"Klinklang","Hyper Beam",""
"Klinklang","Mirror Shot",""
"Klinklang","Zap Cannon",""
"Koffing","Dark Pulse",""
"Koffing","Sludge",""
"Koffing","Sludge Bomb",""
"Krabby","Bubble Beam",""
"Krabby","Vise Grip",""
"Krabby","Water Pulse",""
"Kricketot","Struggle",""
"Kricketune","Aerial Ace",""
"Kricketune","Bug Buzz",""
"Kricketune","X-Scissor",""
"Kyogre","Blizzard",""
"Kyogre","Hydro Pump",""
"Kyogre","Surf",""
"Kyogre","Thunder",""
"Kyurem","Blizzard",""
"Kyurem","Draco Meteor",""
"Kyurem","Dragon Claw",""
"Lairon","Body Slam",""
"Lairon","Heavy Slam",""
"Lairon","Rock Slide",""
"Lampent","Energy Ball",""
"Lampent","Flame Burst",""
"Lampent","Heat Wave",""
"Landorus (Incarnate Forme)","Earth Power",""
"Landorus (Incarnate Forme)","Focus Blast",""
"Landorus (Incarnate Forme)","Outrage",""
"Landorus (Incarnate Forme)","Rock Slide",""
"Lanturn","Hydro Pump",""
"Lanturn","Thunder",""
"Lanturn","Thunderbolt",""
"Lapras","Blizzard",""
"Lapras","Frustration","Shadow"
"Lapras","Hydro Pump",""
"Lapras","Return","Purified"
"Lapras","Skull Bash",""
"Lapras","Surf",""
"Larvitar","Ancient Power",""
"Larvitar","Crunch",""
"Larvitar","Frustration","Shadow"
"Larvitar","Return","Purified"
"Larvitar","Stomp",""
"Latias","Outrage",""
"Latias","Psychic",""
"Latias","Thunder",""
"Latios","Dragon Claw",""
"Latios","Psychic",""
"Latios","Solar Beam",""
"Leafeon","Energy Ball",""
"Leafeon","Last Resort","Elite"
"Leafeon","Leaf Blade",""
"Leafeon","Solar Beam",""
"Leavanny","Leaf Blade",""
"Leavanny","Silver Wind",""
"Leavanny","X-Scissor",""
"Ledian","Aerial Ace",""
"Ledian","Bug Buzz",""
"Ledian","Silver Wind",""
"Ledyba","Aerial Ace",""
"Ledyba","Silver Wind",""
"Ledyba","Swift",""
"Lickilicky","Body Slam","legacy"
"Lickilicky","Earthquake",""
"Lickilicky","Hyper Beam",""
"Lickilicky","Shadow Ball",""
"Lickilicky","Solar Beam",""
"Lickitung","Body Slam","legacy"
"Lickitung","Hyper Beam",""
"Lickitung","Power Whip",""
"Lickitung","Stomp",""
"Liepard","Dark Pulse",""
"Liepard","Gunk Shot",""
"Liepard","Play Rough",""
"Lileep","Ancient Power",""
"Lileep","Grass Knot",""
"Lileep","Mirror Coat",""
"Lilligant","Hyper Beam",""
"Lilligant","Petal Blizzard",""
"Lilligant","Solar Beam",""
"Lillipup","Dig",""
"Lillipup","Rock Tomb",""
"Lillipup","Thunderbolt",""
"Linoone","Dig",""
"Linoone","Grass Knot",""
"Linoone","Thunder",""
"Linoone (Galarian Linoone)","Body Slam",""
"Linoone (Galarian Linoone)","Dig",""
"Linoone (Galarian Linoone)","Gunk Shot",""
"Litwick","Flame Burst",""
"Litwick","Flame Charge",""
"Litwick","Heat Wave",""
"Lombre","Bubble Beam",""
"Lombre","Grass Knot",""
"Lombre","Ice Beam",""
"Lopunny","Fire Punch",""
"Lopunny","Focus Blast",""
"Lopunny","Hyper Beam",""
"Lotad","Bubble Beam",""
"Lotad","Energy Ball",""
"Loudred","Disarming Voice",""
"Loudred","Flamethrower",""
"Loudred","Stomp",""
"Lucario","Aura Sphere",""
"Lucario","Close Combat",""
"Lucario","Flash Cannon",""
"Lucario","Power-Up Punch",""
"Lucario","Shadow Ball",""
"Ludicolo","Blizzard",""
"Ludicolo","Energy Ball",""
"Ludicolo","Hydro Pump",""
"Ludicolo","Ice Beam",""
"Ludicolo","Solar Beam",""
"Lugia","Future Sight",""
"Lugia","Hydro Pump",""
"Lugia","Sky Attack",""
"Lumineon","Blizzard",""
"Lumineon","Silver Wind",""
"Lumineon","Water Pulse",""
"Lunatone","Moonblast",""
"Lunatone","Psychic",""
"Lunatone","Rock Slide",""
"Luvdisc","Aqua Jet",""
"Luvdisc","Draining Kiss",""
"Luvdisc","Water Pulse",""
"Luxio","Crunch",""
"Luxio","Thunderbolt",""
"Luxio","Wild Charge",""
"Luxray","Crunch",""
"Luxray","Hyper Beam",""
"Luxray","Wild Charge",""
"Machamp","Close Combat",""
"Machamp","Cross Chop",""
"Machamp","Dynamic Punch",""
"Machamp","Heavy Slam",""
"Machamp","Rock Slide",""
"Machoke","Brick Break",""
"Machoke","Dynamic Punch",""
"Machoke","Submission",""
"Machop","Brick Break",""
"Machop","Cross Chop",""
"Machop","Low Sweep",""
"Magby","Brick Break",""
"Magby","Fire Punch",""
"Magby","Flame Burst",""
"Magcargo","Heat Wave",""
"Magcargo","Overheat",""
"Magcargo","Stone Edge",""
"Magikarp","Frustration","Shadow"
"Magikarp","Return","Purified"
"Magikarp","Struggle",""
"Magmar","Fire Blast",""
"Magmar","Fire Punch",""
"Magmar","Flamethrower",""
"Magmar","Frustration","Shadow"
"Magmar","Return","Purified"
"Magmortar","Brick Break",""
"Magmortar","Fire Blast",""
"Magmortar","Fire Punch",""
"Magmortar","Frustration","Shadow"
"Magmortar","Psychic",""
"Magmortar","Return","Purified"
"Magnemite","Discharge",""
"Magnemite","Frustration","Shadow"
"Magnemite","Magnet Bomb",""
"Magnemite","Return","Purified"
"Magnemite","Thunderbolt",""
"Magneton","Discharge",""
"Magneton","Flash Cannon",""
"Magneton","Frustration","Shadow"
"Magneton","Magnet Bomb",""
"Magneton","Return","Purified"
"Magneton","Zap Cannon",""
"Magnezone","Flash Cannon",""
"Magnezone","Frustration","Shadow"
"Magnezone","Mirror Shot",""
"Magnezone","Return","Purified"
"Magnezone","Wild Charge",""
"Magnezone","Zap Cannon",""
"Makuhita","Cross Chop",""
"Makuhita","Heavy Slam",""
"Makuhita","Low Sweep",""
"Mamoswine","Ancient Power","Elite"
"Mamoswine","Avalanche",""
"Mamoswine","Bulldoze",""
"Mamoswine","Stone Edge",""
"Manectric","Flame Burst",""
"Manectric","Thunder",""
"Manectric","Wild Charge",""
"Mankey","Brick Break",""
"Mankey","Cross Chop",""
"Mankey","Low Sweep",""
"Mantine","Aerial Ace",""
"Mantine","Bubble Beam",""
"Mantine","Ice Beam",""
"Mantine","Water Pulse",""
"Mantyke","Aerial Ace",""
"Mantyke","Ice Beam",""
"Mantyke","Water Pulse",""
"Maractus","Aerial Ace",""
"Maractus","Petal Blizzard",""
"Maractus","Solar Beam",""
"Mareep","Body Slam",""
"Mareep","Discharge",""
"Mareep","Frustration","Shadow"
"Mareep","Return","Purified"
"Mareep","Thunderbolt",""
"Marill","Aqua Tail",""
"Marill","Body Slam",""
"Marill","Bubble Beam",""
"Marowak","Bone Club",""
"Marowak","Dig",""
"Marowak","Earthquake",""
"Marowak","Frustration","Shadow"
"Marowak","Return","Purified"
"Marowak (Alolan Marowak)","Bone Club",""
"Marowak (Alolan Marowak)","Fire Blast",""
"Marowak (Alolan Marowak)","Flame Wheel",""
"Marowak (Alolan Marowak)","Shadow Ball",""
"Marshtomp","Frustration","Shadow"
"Marshtomp","Mud Bomb",""
"Marshtomp","Return","Purified"
"Marshtomp","Sludge",""
"Marshtomp","Surf",""
"Masquerain","Air Cutter",""
"Masquerain","Bubble Beam",""
"Masquerain","Ominous Wind",""
"Masquerain","Silver Wind",""
"Mawile","Iron Head",""
"Mawile","Play Rough",""
"Mawile","Power-Up Punch",""
"Mawile","Vise Grip",""
"Medicham","Dynamic Punch",""
"Medicham","Ice Punch",""
"Medicham","Power-Up Punch",""
"Medicham","Psychic",""
"Meditite","Ice Punch",""
"Meditite","Low Sweep",""
"Meditite","Psyshock",""
"Meganium","Earthquake",""
"Meganium","Frenzy Plant","Elite"
"Meganium","Petal Blizzard",""
"Meganium","Solar Beam",""
"Melmetal","Flash Cannon",""
"Melmetal","Hyper Beam",""
"Melmetal","Rock Slide",""
"Melmetal","Superpower",""
"Melmetal","Thunderbolt",""
"Meltan","Flash Cannon",""
"Meltan","Thunderbolt",""
"Meowth","Dark Pulse",""
"Meowth","Foul Play",""
"Meowth","Frustration","Shadow"
"Meowth","Night Slash",""
"Meowth","Return","Purified"
"Meowth (Alolan Meowth)","Dark Pulse",""
"Meowth (Alolan Meowth)","Foul Play",""
"Meowth (Alolan Meowth)","Night Slash",""
"Meowth (Galarian Meowth)","Dig",""
"Meowth (Galarian Meowth)","Gyro Ball",""
"Meowth (Galarian Meowth)","Night Slash",""
"Mesprit","Blizzard",""
"Mesprit","Future Sight",""
"Mesprit","Swift",""
"Metagross","Earthquake",""
"Metagross","Flash Cannon",""
"Metagross","Meteor Mash","Elite"
"Metagross","Psychic",""
"Metang","Gyro Ball",""
"Metang","Psychic",""
"Metang","Psyshock",""
"Metapod","Struggle",""
"Mew","Ancient Power",""
"Mew","Blizzard",""
"Mew","Bulldoze",""
"Mew","Dark Pulse",""
"Mew","Dazzling Gleam",""
"Mew","Dragon Claw",""
"Mew","Energy Ball",""
"Mew","Flame Charge",""
"Mew","Flash Cannon",""
"Mew","Focus Blast",""
"Mew","Grass Knot",""
"Mew","Gyro Ball",""
"Mew","Hyper Beam",""
"Mew","Ice Beam",""
"Mew","Low Sweep",""
"Mew","Overheat",""
"Mew","Psychic",""
"Mew","Psyshock",""
"Mew","Rock Slide",""
"Mew","Solar Beam",""
"Mew","Stone Edge",""
"Mew","Surf",""
"Mew","Thunder",""
"Mew","Thunderbolt",""
"Mew","Wild Charge",""
"Mewtwo","Flamethrower",""
"Mewtwo","Focus Blast",""
"Mewtwo","Ice Beam",""
"Mewtwo","Psychic",""
"Mewtwo","Thunderbolt",""
"Mewtwo (Armored Mewtwo)","Dynamic Punch",""
"Mewtwo (Armored Mewtwo)","Earthquake",""
"Mewtwo (Armored Mewtwo)","Future Sight",""
"Mewtwo (Armored Mewtwo)","Rock Slide",""
"Mightyena","Crunch",""
"Mightyena","Play Rough",""
"Mightyena","Poison Fang",""
"Milotic","Blizzard",""
"Milotic","Hyper Beam",""
"Milotic","Surf",""
"Miltank","Body Slam",""
"Miltank","Gyro Ball",""
"Miltank","Ice Beam",""
"Miltank","Stomp",""
"Miltank","Thunderbolt",""
"Mime Jr.","Psybeam",""
"Mime Jr.","Psychic",""
"Mime Jr.","Psyshock",""
"Minccino","Aqua Tail",""
"Minccino","Swift",""
"Minccino","Thunderbolt",""
"Minun","Discharge",""
"Minun","Grass Knot",""
"Minun","Swift",""
"Minun","Thunderbolt",""
"Misdreavus","Dark Pulse",""
"Misdreavus","Ominous Wind",""
"Misdreavus","Shadow Sneak",""
"Mismagius","Dark Pulse",""
"Mismagius","Dazzling Gleam",""
"Mismagius","Shadow Ball",""
"Moltres","Ancient Power",""
"Moltres","Fire Blast",""
"Moltres","Frustration","Shadow"
"Moltres","Heat Wave",""
"Moltres","Overheat",""
"Moltres","Return","Purified"
"Monferno","Flame Wheel",""
"Monferno","Flamethrower",""
"Monferno","Low Sweep",""
"Mothim","Aerial Ace",""
"Mothim","Bug Buzz",""
"Mothim","Psybeam",""
"Mr. Mime","Psybeam",""
"Mr. Mime","Psychic",""
"Mr. Mime","Shadow Ball",""
"Mudkip","Dig",""
"Mudkip","Frustration","Shadow"
"Mudkip","Return","Purified"
"Mudkip","Sludge",""
"Mudkip","Stomp",""
"Muk","Acid Spray",""
"Muk","Dark Pulse",""
"Muk","Frustration","Shadow"
"Muk","Gunk Shot",""
"Muk","Return","Purified"
"Muk","Sludge Wave",""
"Muk","Thunder Punch",""
"Muk (Alolan Muk)","Acid Spray",""
"Muk (Alolan Muk)","Dark Pulse",""
"Muk (Alolan Muk)","Gunk Shot",""
"Muk (Alolan Muk)","Sludge Wave",""
"Munchlax","Body Slam",""
"Munchlax","Bulldoze",""
"Munchlax","Gunk Shot",""
"Murkrow","Dark Pulse",""
"Murkrow","Drill Peck",""
"Murkrow","Foul Play",""
"Natu","Drill Peck",""
"Natu","Night Shade",""
"Natu","Psyshock",""
"Nidoking","Earth Power",""
"Nidoking","Earthquake",""
"Nidoking","Megahorn",""
"Nidoking","Sludge Wave",""
"Nidoqueen","Earth Power",""
"Nidoqueen","Earthquake",""
"Nidoqueen","Sludge Wave",""
"Nidoqueen","Stone Edge",""
"Nidoran???","Body Slam",""
"Nidoran???","Horn Attack",""
"Nidoran???","Sludge Bomb",""
"Nidoran???","Body Slam",""
"Nidoran???","Poison Fang",""
"Nidoran???","Sludge Bomb",""
"Nidorina","Dig",""
"Nidorina","Poison Fang",""
"Nidorina","Sludge Bomb",""
"Nidorino","Dig",""
"Nidorino","Horn Attack",""
"Nidorino","Sludge Bomb",""
"Nincada","Aerial Ace",""
"Nincada","Bug Buzz",""
"Nincada","Night Slash",""
"Ninetales","Heat Wave",""
"Ninetales","Overheat",""
"Ninetales","Psyshock",""
"Ninetales","Solar Beam",""
"Ninetales (Alolan Ninetales)","Blizzard",""
"Ninetales (Alolan Ninetales)","Dazzling Gleam",""
"Ninetales (Alolan Ninetales)","Ice Beam",""
"Ninetales (Alolan Ninetales)","Psyshock",""
"Ninjask","Aerial Ace",""
"Ninjask","Bug Buzz",""
"Ninjask","Shadow Ball",""
"Noctowl","Night Shade",""
"Noctowl","Psychic",""
"Noctowl","Sky Attack",""
"Nosepass","Rock Blast",""
"Nosepass","Rock Slide",""
"Nosepass","Thunderbolt",""
"Numel","Bulldoze",""
"Numel","Heat Wave",""
"Numel","Stomp",""
"Nuzleaf","Foul Play",""
"Nuzleaf","Frustration","Shadow"
"Nuzleaf","Grass Knot",""
"Nuzleaf","Leaf Blade",""
"Nuzleaf","Return","Purified"
"Obstagoon","Cross Chop",""
"Obstagoon","Gunk Shot",""
"Obstagoon","Hyper Beam",""
"Obstagoon","Night Slash",""
"Octillery","Acid Spray",""
"Octillery","Aurora Beam",""
"Octillery","Gunk Shot",""
"Octillery","Octazooka",""
"Octillery","Water Pulse",""
"Oddish","Frustration","Shadow"
"Oddish","Moonblast",""
"Oddish","Return","Purified"
"Oddish","Seed Bomb",""
"Oddish","Sludge Bomb",""
"Omanyte","Ancient Power",""
"Omanyte","Bubble Beam",""
"Omanyte","Rock Blast",""
"Omastar","Ancient Power",""
"Omastar","Hydro Pump",""
"Omastar","Rock Blast",""
"Onix","Heavy Slam",""
"Onix","Sand Tomb",""
"Onix","Stone Edge",""
"Oshawott","Aqua Tail",""
"Oshawott","Night Slash",""
"Oshawott","Water Pulse",""
"Pachirisu","Thunder",""
"Pachirisu","Thunder Punch",""
"Pachirisu","Thunderbolt",""
"Palkia","Aqua Tail",""
"Palkia","Draco Meteor",""
"Palkia","Fire Blast",""
"Palkia","Hydro Pump",""
"Palpitoad","Earth Power",""
"Palpitoad","Sludge Wave",""
"Palpitoad","Water Pulse",""
"Panpour","Crunch",""
"Panpour","Surf",""
"Panpour","Water Pulse",""
"Pansage","Crunch",""
"Pansage","Energy Ball",""
"Pansage","Seed Bomb",""
"Pansear","Crunch",""
"Pansear","Flame Burst",""
"Pansear","Flame Charge",""
"Paras","Cross Poison",""
"Paras","Seed Bomb",""
"Paras","X-Scissor",""
"Parasect","Cross Poison",""
"Parasect","Solar Beam",""
"Parasect","X-Scissor",""
"Patrat","Dig",""
"Patrat","Grass Knot",""
"Patrat","Hyper Fang",""
"Pelipper","Blizzard",""
"Pelipper","Hurricane",""
"Pelipper","Hydro Pump",""
"Pelipper","Weather Ball - Water",""
"Perrserker","Close Combat",""
"Perrserker","Foul Play",""
"Perrserker","Iron Head",""
"Perrserker","Play Rough",""
"Persian","Foul Play",""
"Persian","Frustration","Shadow"
"Persian","Play Rough",""
"Persian","Power Gem",""
"Persian","Return","Purified"
"Persian (Alolan Persian)","Dark Pulse",""
"Persian (Alolan Persian)","Foul Play",""
"Persian (Alolan Persian)","Play Rough",""
"Petilil","Energy Ball",""
"Petilil","Seed Bomb",""
"Phanpy","Body Slam",""
"Phanpy","Bulldoze",""
"Phanpy","Rock Slide",""
"Pichu","Disarming Voice",""
"Pichu","Thunder Punch",""
"Pichu","Thunderbolt",""
"Pidgeot","Aerial Ace",""
"Pidgeot","Brave Bird",""
"Pidgeot","Hurricane",""
"Pidgeotto","Aerial Ace",""
"Pidgeotto","Air Cutter",""
"Pidgeotto","Twister",""
"Pidgey","Aerial Ace",""
"Pidgey","Air Cutter",""
"Pidgey","Twister",""
"Pidove","Aerial Ace",""
"Pidove","Air Cutter",""
"Pidove","Heat Wave",""
"Pignite","Flame Charge",""
"Pignite","Flamethrower",""
"Pignite","Rock Tomb",""
"Pikachu","Discharge",""
"Pikachu","Surf","Elite"
"Pikachu","Thunderbolt",""
"Pikachu","Wild Charge",""
"Pikachu (Pikachu Libre)","Flying Press",""
"Pikachu (Pikachu Libre)","Play Rough",""
"Pikachu (Pikachu Libre)","Thunder Punch",""
"Piloswine","Avalanche",""
"Piloswine","Bulldoze",""
"Piloswine","Stone Edge",""
"Pineco","Gyro Ball",""
"Pineco","Rock Tomb",""
"Pineco","Sand Tomb",""
"Pinsir","Close Combat",""
"Pinsir","Superpower",""
"Pinsir","Vise Grip",""
"Pinsir","X-Scissor",""
"Piplup","Bubble Beam",""
"Piplup","Drill Peck",""
"Piplup","Icy Wind",""
"Plusle","Discharge",""
"Plusle","Grass Knot",""
"Plusle","Swift",""
"Plusle","Thunderbolt",""
"Politoed","Blizzard",""
"Politoed","Frustration","Shadow"
"Politoed","Hydro Pump",""
"Politoed","Return","Purified"
"Politoed","Surf",""
"Poliwag","Body Slam",""
"Poliwag","Bubble Beam",""
"Poliwag","Frustration","Shadow"
"Poliwag","Mud Bomb",""
"Poliwag","Return","Purified"
"Poliwhirl","Bubble Beam",""
"Poliwhirl","Frustration","Shadow"
"Poliwhirl","Mud Bomb",""
"Poliwhirl","Return","Purified"
"Poliwhirl","Water Pulse",""
"Poliwrath","Dynamic Punch",""
"Poliwrath","Frustration","Shadow"
"Poliwrath","Hydro Pump",""
"Poliwrath","Ice Punch",""
"Poliwrath","Power-Up Punch",""
"Poliwrath","Return","Purified"
"Ponyta","Flame Charge",""
"Ponyta","Flame Wheel",""
"Ponyta","Stomp",""
"Poochyena","Crunch",""
"Poochyena","Dig",""
"Poochyena","Poison Fang",""
"Porygon","Frustration","Shadow"
"Porygon","Hyper Beam",""
"Porygon","Return","Purified"
"Porygon","Solar Beam",""
"Porygon","Zap Cannon",""
"Porygon2","Frustration","Shadow"
"Porygon2","Hyper Beam",""
"Porygon2","Return","Purified"
"Porygon2","Solar Beam",""
"Porygon2","Zap Cannon",""
"Porygon-Z","Blizzard",""
"Porygon-Z","Frustration","Shadow"
"Porygon-Z","Hyper Beam",""
"Porygon-Z","Return","Purified"
"Porygon-Z","Solar Beam",""
"Porygon-Z","Zap Cannon",""
"Primeape","Close Combat",""
"Primeape","Low Sweep",""
"Primeape","Night Slash",""
"Prinplup","Bubble Beam",""
"Prinplup","Hydro Pump",""
"Prinplup","Icy Wind",""
"Probopass","Magnet Bomb",""
"Probopass","Rock Slide",""
"Probopass","Thunderbolt",""
"Psyduck","Aqua Tail",""
"Psyduck","Cross Chop",""
"Psyduck","Frustration","Shadow"
"Psyduck","Psybeam",""
"Psyduck","Return","Purified"
"Pupitar","Ancient Power",""
"Pupitar","Crunch",""
"Pupitar","Dig",""
"Pupitar","Frustration","Shadow"
"Pupitar","Return","Purified"
"Purrloin","Dark Pulse",""
"Purrloin","Night Slash",""
"Purrloin","Play Rough",""
"Purugly","Aerial Ace",""
"Purugly","Play Rough",""
"Purugly","Thunder",""
"Quagsire","Acid Spray",""
"Quagsire","Earthquake",""
"Quagsire","Sludge Bomb",""
"Quagsire","Stone Edge",""
"Quilava","Dig",""
"Quilava","Flame Charge",""
"Quilava","Flamethrower",""
"Qwilfish","Acid Spray",""
"Qwilfish","Aqua Tail",""
"Qwilfish","Fell Stinger",""
"Qwilfish","Ice Beam",""
"Qwilfish","Sludge Wave",""
"Raichu","Brick Break",""
"Raichu","Skull Bash",""
"Raichu","Thunder Punch",""
"Raichu","Wild Charge",""
"Raichu (Alolan Raichu)","Grass Knot",""
"Raichu (Alolan Raichu)","Psychic",""
"Raichu (Alolan Raichu)","Thunder Punch",""
"Raichu (Alolan Raichu)","Wild Charge",""
"Raikou","Shadow Ball",""
"Raikou","Thunder",""
"Raikou","Thunderbolt",""
"Raikou","Wild Charge",""
"Ralts","Disarming Voice",""
"Ralts","Frustration","Shadow"
"Ralts","Psyshock",""
"Ralts","Return","Purified"
"Ralts","Shadow Sneak",""
"Rampardos","Flamethrower",""
"Rampardos","Outrage",""
"Rampardos","Rock Slide",""
"Rapidash","Drill Run",""
"Rapidash","Fire Blast",""
"Rapidash","Heat Wave",""
"Raticate","Dig",""
"Raticate","Frustration","Shadow"
"Raticate","Hyper Beam",""
"Raticate","Hyper Fang",""
"Raticate","Return","Purified"
"Raticate (Alolan Raticate)","Crunch",""
"Raticate (Alolan Raticate)","Hyper Beam",""
"Raticate (Alolan Raticate)","Hyper Fang",""
"Rattata","Body Slam",""
"Rattata","Dig",""
"Rattata","Frustration","Shadow"
"Rattata","Hyper Fang",""
"Rattata","Return","Purified"
"Rattata (Alolan Rattata)","Crunch",""
"Rattata (Alolan Rattata)","Hyper Fang",""
"Rattata (Alolan Rattata)","Shadow Ball",""
"Rayquaza","Aerial Ace",""
"Rayquaza","Ancient Power",""
"Rayquaza","Outrage",""
"Regice","Blizzard",""
"Regice","Earthquake",""
"Regice","Focus Blast",""
"Regigigas","Focus Blast",""
"Regigigas","Giga Impact",""
"Regigigas","Thunder",""
"Regirock","Focus Blast",""
"Regirock","Stone Edge",""
"Regirock","Zap Cannon",""
"Registeel","Flash Cannon",""
"Registeel","Focus Blast",""
"Registeel","Hyper Beam",""
"Relicanth","Ancient Power",""
"Relicanth","Aqua Tail",""
"Relicanth","Hydro Pump",""
"Remoraid","Aurora Beam",""
"Remoraid","Rock Blast",""
"Remoraid","Water Pulse",""
"Reshiram","Crunch",""
"Reshiram","Draco Meteor",""
"Reshiram","Overheat",""
"Reshiram","Stone Edge",""
"Reuniclus","Future Sight",""
"Reuniclus","Shadow Ball",""
"Reuniclus","Thunder",""
"Rhydon","Earthquake",""
"Rhydon","Stone Edge",""
"Rhydon","Surf",""
"Rhyhorn","Bulldoze",""
"Rhyhorn","Horn Attack",""
"Rhyhorn","Stomp",""
"Rhyperior","Earthquake",""
"Rhyperior","Rock Wrecker","Elite"
"Rhyperior","Skull Bash",""
"Rhyperior","Stone Edge",""
"Rhyperior","Superpower",""
"Rhyperior","Surf",""
"Riolu","Brick Break",""
"Riolu","Cross Chop",""
"Riolu","Low Sweep",""
"Roggenrola","Bulldoze",""
"Roggenrola","Rock Blast",""
"Roggenrola","Stone Edge",""
"Roselia","Dazzling Gleam",""
"Roselia","Petal Blizzard",""
"Roselia","Sludge Bomb",""
"Roserade","Dazzling Gleam",""
"Roserade","Grass Knot",""
"Roserade","Sludge Bomb",""
"Roserade","Solar Beam",""
"Rufflet","Aerial Ace",""
"Rufflet","Brave Bird",""
"Rufflet","Rock Tomb",""
"Sableye","Foul Play",""
"Sableye","Frustration","Shadow"
"Sableye","Power Gem",""
"Sableye","Return","Purified"
"Sableye","Shadow Sneak",""
"Salamence","Draco Meteor",""
"Salamence","Fire Blast",""
"Salamence","Frustration","Shadow"
"Salamence","Hydro Pump",""
"Salamence","Outrage","Elite"
"Salamence","Return","Purified"
"Samurott","Blizzard",""
"Samurott","Hydro Pump",""
"Samurott","Megahorn",""
"Sandshrew","Dig",""
"Sandshrew","Frustration","Shadow"
"Sandshrew","Return","Purified"
"Sandshrew","Rock Slide",""
"Sandshrew","Sand Tomb",""
"Sandshrew (Alolan Sandshrew)","Blizzard",""
"Sandshrew (Alolan Sandshrew)","Gyro Ball",""
"Sandshrew (Alolan Sandshrew)","Night Slash",""
"Sandslash","Bulldoze",""
"Sandslash","Earthquake",""
"Sandslash","Frustration","Shadow"
"Sandslash","Return","Purified"
"Sandslash","Rock Tomb",""
"Sandslash (Alolan Sandslash)","Blizzard",""
"Sandslash (Alolan Sandslash)","Bulldoze",""
"Sandslash (Alolan Sandslash)","Gyro Ball",""
"Sandslash (Alolan Sandslash)","Ice Punch",""
"Sawk","Body Slam",""
"Sawk","Focus Blast",""
"Sawk","Low Sweep",""
"Sceptile","Aerial Ace",""
"Sceptile","Dragon Claw",""
"Sceptile","Earthquake",""
"Sceptile","Frenzy Plant","Elite"
"Sceptile","Leaf Blade",""
"Scizor","Frustration","Shadow"
"Scizor","Iron Head",""
"Scizor","Night Slash",""
"Scizor","Return","Purified"
"Scizor","X-Scissor",""
"Scolipede","Gyro Ball",""
"Scolipede","Megahorn",""
"Scolipede","Sludge Bomb",""
"Scolipede","X-Scissor",""
"Scrafty","Acid Spray",""
"Scrafty","Foul Play",""
"Scrafty","Power-Up Punch",""
"Scraggy","Acid Spray",""
"Scraggy","Brick Break",""
"Scraggy","Foul Play",""
"Scyther","Aerial Ace",""
"Scyther","Frustration","Shadow"
"Scyther","Night Slash",""
"Scyther","Return","Purified"
"Scyther","X-Scissor",""
"Seadra","Aurora Beam",""
"Seadra","Dragon Pulse",""
"Seadra","Hydro Pump",""
"Seaking","Ice Beam",""
"Seaking","Megahorn",""
"Seaking","Water Pulse",""
"Sealeo","Aurora Beam",""
"Sealeo","Body Slam",""
"Sealeo","Water Pulse",""
"Seedot","Energy Ball",""
"Seedot","Foul Play",""
"Seedot","Frustration","Shadow"
"Seedot","Grass Knot",""
"Seedot","Return","Purified"
"Seel","Aqua Tail",""
"Seel","Aurora Beam",""
"Seel","Icy Wind",""
"Seismitoad","Earth Power",""
"Seismitoad","Muddy Water",""
"Seismitoad","Sludge Bomb",""
"Sentret","Brick Break",""
"Sentret","Dig",""
"Sentret","Grass Knot",""
"Serperior","Aerial Ace",""
"Serperior","Grass Knot",""
"Serperior","Leaf Tornado",""
"Servine","Grass Knot",""
"Servine","Leaf Tornado",""
"Servine","Wrap",""
"Seviper","Crunch",""
"Seviper","Poison Fang",""
"Seviper","Wrap",""
"Sewaddle","Energy Ball",""
"Sewaddle","Seed Bomb",""
"Sewaddle","Silver Wind",""
"Sharpedo","Crunch",""
"Sharpedo","Hydro Pump",""
"Sharpedo","Poison Fang",""
"Shedinja","Aerial Ace",""
"Shedinja","Dig",""
"Shedinja","Shadow Sneak",""
"Shelgon","Dragon Pulse",""
"Shelgon","Flamethrower",""
"Shelgon","Frustration","Shadow"
"Shelgon","Return","Purified"
"Shelgon","Twister",""
"Shellder","Bubble Beam",""
"Shellder","Icy Wind",""
"Shellder","Water Pulse",""
"Shellos (East Sea)","Body Slam",""
"Shellos (East Sea)","Mud Bomb",""
"Shellos (East Sea)","Water Pulse",""
"Shellos (West Sea)","Body Slam",""
"Shellos (West Sea)","Mud Bomb",""
"Shellos (West Sea)","Water Pulse",""
"Shelmet","Body Slam",""
"Shelmet","Bug Buzz",""
"Shelmet","Signal Beam",""
"Shieldon","Ancient Power",""
"Shieldon","Heavy Slam",""
"Shieldon","Rock Tomb",""
"Shiftry","Foul Play",""
"Shiftry","Frustration","Shadow"
"Shiftry","Hurricane",""
"Shiftry","Leaf Blade",""
"Shiftry","Leaf Tornado",""
"Shiftry","Return","Purified"
"Shinx","Discharge",""
"Shinx","Swift",""
"Shinx","Thunderbolt",""
"Shroomish","Energy Ball",""
"Shroomish","Grass Knot",""
"Shroomish","Seed Bomb",""
"Shuckle","Gyro Ball",""
"Shuckle","Rock Blast",""
"Shuckle","Stone Edge",""
"Shuppet","Frustration","Shadow"
"Shuppet","Night Shade",""
"Shuppet","Ominous Wind",""
"Shuppet","Return","Purified"
"Shuppet","Shadow Sneak",""
"Sigilyph","Air Cutter",""
"Sigilyph","Ancient Power",""
"Sigilyph","Psybeam",""
"Sigilyph","Signal Beam",""
"Silcoon","Struggle",""
"Simipour","Crunch",""
"Simipour","Hydro Pump",""
"Simipour","Surf",""
"Simisage","Crunch",""
"Simisage","Grass Knot",""
"Simisage","Solar Beam",""
"Simisear","Crunch",""
"Simisear","Fire Blast",""
"Simisear","Flamethrower",""
"Skarmory","Brave Bird",""
"Skarmory","Flash Cannon",""
"Skarmory","Sky Attack",""
"Skiploom","Dazzling Gleam",""
"Skiploom","Energy Ball",""
"Skiploom","Grass Knot",""
"Skitty","Dig",""
"Skitty","Disarming Voice",""
"Skitty","Wild Charge",""
"Skorupi","Aqua Tail",""
"Skorupi","Cross Poison",""
"Skorupi","Sludge Bomb",""
"Skuntank","Crunch",""
"Skuntank","Flamethrower",""
"Skuntank","Sludge Bomb",""
"Slaking","Body Slam","Elite"
"Slaking","Earthquake",""
"Slaking","Hyper Beam",""
"Slaking","Play Rough",""
"Slakoth","Body Slam",""
"Slakoth","Brick Break",""
"Slakoth","Night Slash",""
"Slowbro","Ice Beam",""
"Slowbro","Psychic",""
"Slowbro","Water Pulse",""
"Slowking","Blizzard",""
"Slowking","Fire Blast",""
"Slowking","Psychic",""
"Slowpoke","Psychic",""
"Slowpoke","Psyshock",""
"Slowpoke","Water Pulse",""
"Slugma","Flame Burst",""
"Slugma","Flame Charge",""
"Slugma","Rock Slide",""
"Smoochum","Ice Beam",""
"Smoochum","Ice Punch",""
"Smoochum","Psyshock",""
"Sneasel","Avalanche",""
"Sneasel","Foul Play",""
"Sneasel","Frustration","Shadow"
"Sneasel","Ice Punch",""
"Sneasel","Return","Purified"
"Snivy","Energy Ball",""
"Snivy","Seed Bomb",""
"Snivy","Wrap",""
"Snorlax","Body Slam",""
"Snorlax","Earthquake",""
"Snorlax","Frustration","Shadow"
"Snorlax","Heavy Slam",""
"Snorlax","Hyper Beam",""
"Snorlax","Outrage",""
"Snorlax","Return","Purified"
"Snorlax","Skull Bash",""
"Snorlax","Superpower",""
"Snorunt","Avalanche",""
"Snorunt","Icy Wind",""
"Snorunt","Shadow Ball",""
"Snover","Energy Ball",""
"Snover","Frustration","Shadow"
"Snover","Ice Beam",""
"Snover","Return","Purified"
"Snover","Stomp",""
"Snubbull","Brick Break",""
"Snubbull","Crunch",""
"Snubbull","Dazzling Gleam",""
"Solosis","Night Shade",""
"Solosis","Psyshock",""
"Solosis","Thunder",""
"Solrock","Psychic",""
"Solrock","Rock Slide",""
"Solrock","Solar Beam",""
"Spearow","Aerial Ace",""
"Spearow","Drill Peck",""
"Spearow","Sky Attack",""
"Spheal","Aurora Beam",""
"Spheal","Body Slam",""
"Spheal","Water Pulse",""
"Spinarak","Cross Poison",""
"Spinarak","Night Slash",""
"Spinarak","Signal Beam",""
"Spinda","Dig",""
"Spinda","Icy Wind",""
"Spinda","Rock Tomb",""
"Spiritomb","Ominous Wind",""
"Spiritomb","Shadow Ball",""
"Spiritomb","Shadow Sneak",""
"Spoink","Mirror Coat",""
"Spoink","Psybeam",""
"Spoink","Shadow Ball",""
"Squirtle","Aqua Jet",""
"Squirtle","Aqua Tail",""
"Squirtle","Frustration","Shadow"
"Squirtle","Return","Purified"
"Squirtle","Water Pulse",""
"Stantler","Frustration","Shadow"
"Stantler","Megahorn",""
"Stantler","Return","Purified"
"Stantler","Stomp",""
"Stantler","Wild Charge",""
"Staraptor","Brave Bird",""
"Staraptor","Close Combat",""
"Staraptor","Heat Wave",""
"Staravia","Aerial Ace",""
"Staravia","Brave Bird",""
"Staravia","Heat Wave",""
"Starly","Aerial Ace",""
"Starly","Brave Bird",""
"Starmie","Hydro Pump",""
"Starmie","Ice Beam",""
"Starmie","Power Gem",""
"Starmie","Psychic",""
"Starmie","Thunder",""
"Staryu","Bubble Beam",""
"Staryu","Power Gem",""
"Staryu","Swift",""
"Steelix","Crunch",""
"Steelix","Earthquake",""
"Steelix","Heavy Slam",""
"Stoutland","Crunch",""
"Stoutland","Play Rough",""
"Stoutland","Wild Charge",""
"Stunfisk","Discharge",""
"Stunfisk","Mud Bomb",""
"Stunfisk","Muddy Water",""
"Stunfisk (Galarian Stunfisk)","Earthquake",""
"Stunfisk (Galarian Stunfisk)","Flash Cannon",""
"Stunfisk (Galarian Stunfisk)","Muddy Water",""
"Stunfisk (Galarian Stunfisk)","Rock Slide",""
"Stunky","Crunch",""
"Stunky","Flamethrower",""
"Stunky","Sludge Bomb",""
"Sudowoodo","Earthquake",""
"Sudowoodo","Rock Slide",""
"Sudowoodo","Stone Edge",""
"Suicune","Bubble Beam",""
"Suicune","Hydro Pump",""
"Suicune","Ice Beam",""
"Suicune","Water Pulse",""
"Sunflora","Petal Blizzard",""
"Sunflora","Sludge Bomb",""
"Sunflora","Solar Beam",""
"Sunkern","Energy Ball",""
"Sunkern","Grass Knot",""
"Sunkern","Seed Bomb",""
"Surskit","Aqua Jet",""
"Surskit","Bubble Beam",""
"Surskit","Signal Beam",""
"Swablu","Aerial Ace",""
"Swablu","Disarming Voice",""
"Swablu","Ice Beam",""
"Swadloon","Bug Buzz",""
"Swadloon","Energy Ball",""
"Swadloon","Silver Wind",""
"Swalot","Acid Spray",""
"Swalot","Gunk Shot",""
"Swalot","Ice Beam",""
"Swalot","Sludge Bomb",""
"Swampert","Earthquake",""
"Swampert","Frustration","Shadow"
"Swampert","Hydro Cannon","Elite"
"Swampert","Muddy Water",""
"Swampert","Return","Purified"
"Swampert","Sludge Wave",""
"Swampert","Surf",""
"Swanna","Bubble Beam",""
"Swanna","Hurricane",""
"Swanna","Ice Beam",""
"Swellow","Aerial Ace",""
"Swellow","Brave Bird",""
"Swellow","Sky Attack",""
"Swinub","Body Slam",""
"Swinub","Icy Wind",""
"Swinub","Rock Slide",""
"Swoobat","Aerial Ace",""
"Swoobat","Future Sight",""
"Swoobat","Psychic",""
"Taillow","Aerial Ace",""
"Tangela","Grass Knot",""
"Tangela","Sludge Bomb",""
"Tangela","Solar Beam",""
"Tangrowth","Ancient Power",""
"Tangrowth","Power Whip",""
"Tangrowth","Rock Slide",""
"Tangrowth","Sludge Bomb",""
"Tangrowth","Solar Beam",""
"Tauros","Earthquake",""
"Tauros","Horn Attack",""
"Tauros","Iron Head",""
"Teddiursa","Cross Chop",""
"Teddiursa","Crunch",""
"Teddiursa","Play Rough",""
"Tentacool","Bubble Beam",""
"Tentacool","Water Pulse",""
"Tentacool","Wrap",""
"Tentacruel","Acid Spray",""
"Tentacruel","Blizzard",""
"Tentacruel","Hydro Pump",""
"Tentacruel","Sludge Wave",""
"Tepig","Body Slam",""
"Tepig","Flame Charge",""
"Tepig","Flamethrower",""
"Terrakion","Close Combat",""
"Terrakion","Earthquake",""
"Terrakion","Rock Slide",""
"Throh","Body Slam",""
"Throh","Focus Blast",""
"Throh","Low Sweep",""
"Thundurus (Incarnate Forme)","Brick Break",""
"Thundurus (Incarnate Forme)","Crunch",""
"Thundurus (Incarnate Forme)","Thunder",""
"Thundurus (Incarnate Forme)","Thunder Punch",""
"Timburr","Brick Break",""
"Timburr","Low Sweep",""
"Timburr","Rock Tomb",""
"Tirtouga","Ancient Power",""
"Tirtouga","Body Slam",""
"Tirtouga","Surf",""
"Togekiss","Aerial Ace",""
"Togekiss","Ancient Power",""
"Togekiss","Dazzling Gleam",""
"Togekiss","Flamethrower",""
"Togepi","Ancient Power",""
"Togepi","Dazzling Gleam",""
"Togepi","Psyshock",""
"Togetic","Aerial Ace",""
"Togetic","Ancient Power",""
"Togetic","Dazzling Gleam",""
"Torchic","Flame Charge",""
"Torchic","Flamethrower",""
"Torchic","Rock Tomb",""
"Torkoal","Earthquake",""
"Torkoal","Overheat",""
"Torkoal","Solar Beam",""
"Tornadus (Incarnate Forme)","Dark Pulse",""
"Tornadus (Incarnate Forme)","Grass Knot",""
"Tornadus (Incarnate Forme)","Hurricane",""
"Tornadus (Incarnate Forme)","Hyper Beam",""
"Torterra","Earthquake",""
"Torterra","Frenzy Plant","Elite"
"Torterra","Frustration","Shadow"
"Torterra","Return","Purified"
"Torterra","Sand Tomb",""
"Torterra","Solar Beam",""
"Torterra","Stone Edge",""
"Totodile","Aqua Jet",""
"Totodile","Crunch",""
"Totodile","Water Pulse",""
"Toxicroak","Dynamic Punch",""
"Toxicroak","Mud Bomb",""
"Toxicroak","Sludge Bomb",""
"Tranquill","Aerial Ace",""
"Tranquill","Heat Wave",""
"Tranquill","Sky Attack",""
"Trapinch","Crunch",""
"Trapinch","Dig",""
"Trapinch","Frustration","Shadow"
"Trapinch","Return","Purified"
"Trapinch","Sand Tomb",""
"Treecko","Aerial Ace",""
"Treecko","Energy Ball",""
"Treecko","Grass Knot",""
"Tropius","Aerial Ace",""
"Tropius","Leaf Blade",""
"Tropius","Stomp",""
"Trubbish","Gunk Shot",""
"Trubbish","Seed Bomb",""
"Turtwig","Body Slam",""
"Turtwig","Energy Ball",""
"Turtwig","Frustration","Shadow"
"Turtwig","Return","Purified"
"Turtwig","Seed Bomb",""
"Tympole","Mud Bomb",""
"Tympole","Sludge Wave",""
"Tympole","Water Pulse",""
"Typhlosion","Blast Burn","Elite"
"Typhlosion","Fire Blast",""
"Typhlosion","Overheat",""
"Typhlosion","Solar Beam",""
"Tyranitar","Crunch",""
"Tyranitar","Fire Blast",""
"Tyranitar","Frustration","Shadow"
"Tyranitar","Return","Purified"
"Tyranitar","Stone Edge",""
"Tyrogue","Brick Break",""
"Tyrogue","Low Sweep",""
"Tyrogue","Rock Slide",""
"Umbreon","Dark Pulse",""
"Umbreon","Foul Play",""
"Umbreon","Last Resort","Elite"
"Unfezant","Heat Wave",""
"Unfezant","Hyper Beam",""
"Unfezant","Sky Attack",""
"Unown","Struggle",""
"Ursaring","Close Combat",""
"Ursaring","Hyper Beam",""
"Ursaring","Play Rough",""
"Uxie","Future Sight",""
"Uxie","Swift",""
"Uxie","Thunder",""
"Vaporeon","Aqua Tail",""
"Vaporeon","Hydro Pump",""
"Vaporeon","Last Resort","Elite"
"Vaporeon","Water Pulse",""
"Venipede","Gyro Ball",""
"Venipede","Signal Beam",""
"Venipede","Sludge Bomb",""
"Venomoth","Bug Buzz",""
"Venomoth","Frustration","Shadow"
"Venomoth","Poison Fang",""
"Venomoth","Psychic",""
"Venomoth","Return","Purified"
"Venomoth","Silver Wind",""
"Venonat","Frustration","Shadow"
"Venonat","Poison Fang",""
"Venonat","Psybeam",""
"Venonat","Return","Purified"
"Venonat","Signal Beam",""
"Venusaur","Frenzy Plant","Elite"
"Venusaur","Frustration","Shadow"
"Venusaur","Petal Blizzard",""
"Venusaur","Return","Purified"
"Venusaur","Sludge Bomb",""
"Venusaur","Solar Beam",""
"Vespiquen","Bug Buzz",""
"Vespiquen","Fell Stinger",""
"Vespiquen","Power Gem",""
"Vespiquen","X-Scissor",""
"Vibrava","Bug Buzz",""
"Vibrava","Bulldoze",""
"Vibrava","Frustration","Shadow"
"Vibrava","Return","Purified"
"Vibrava","Sand Tomb",""
"Victini","Focus Blast",""
"Victini","Overheat",""
"Victini","Psychic",""
"Victini","V-create",""
"Victreebel","Acid Spray",""
"Victreebel","Frustration","Shadow"
"Victreebel","Leaf Blade",""
"Victreebel","Leaf Tornado",""
"Victreebel","Return","Purified"
"Victreebel","Sludge Bomb",""
"Victreebel","Solar Beam",""
"Vigoroth","Body Slam",""
"Vigoroth","Brick Break",""
"Vigoroth","Bulldoze",""
"Vileplume","Frustration","Shadow"
"Vileplume","Moonblast",""
"Vileplume","Petal Blizzard",""
"Vileplume","Return","Purified"
"Vileplume","Sludge Bomb",""
"Vileplume","Solar Beam",""
"Virizion","Close Combat",""
"Virizion","Leaf Blade",""
"Virizion","Stone Edge",""
"Volbeat","Bug Buzz",""
"Volbeat","Signal Beam",""
"Volbeat","Thunderbolt",""
"Voltorb","Discharge",""
"Voltorb","Gyro Ball",""
"Voltorb","Thunderbolt",""
"Vulpix","Body Slam",""
"Vulpix","Flame Charge",""
"Vulpix","Flamethrower",""
"Vulpix (Alolan Vulpix)","Blizzard",""
"Vulpix (Alolan Vulpix)","Dark Pulse",""
"Vulpix (Alolan Vulpix)","Ice Beam",""
"Wailmer","Body Slam",""
"Wailmer","Heavy Slam",""
"Wailmer","Water Pulse",""
"Wailord","Blizzard",""
"Wailord","Hyper Beam",""
"Wailord","Surf",""
"Walrein","Blizzard",""
"Walrein","Earthquake",""
"Walrein","Water Pulse",""
"Wartortle","Aqua Jet",""
"Wartortle","Frustration","Shadow"
"Wartortle","Hydro Pump",""
"Wartortle","Ice Beam",""
"Wartortle","Return","Purified"
"Watchog","Crunch",""
"Watchog","Grass Knot",""
"Watchog","Hyper Fang",""
"Weavile","Avalanche",""
"Weavile","Focus Blast",""
"Weavile","Foul Play",""
"Weavile","Frustration","Shadow"
"Weavile","Return","Purified"
"Weedle","Frustration","Shadow"
"Weedle","Return","Purified"
"Weedle","Struggle",""
"Weepinbell","Frustration","Shadow"
"Weepinbell","Power Whip",""
"Weepinbell","Return","Purified"
"Weepinbell","Seed Bomb",""
"Weepinbell","Sludge Bomb",""
"Weezing","Dark Pulse",""
"Weezing","Shadow Ball",""
"Weezing","Sludge Bomb",""
"Weezing","Thunderbolt",""
"Weezing (Galarian Weezing)","Hyper Beam",""
"Weezing (Galarian Weezing)","Overheat",""
"Weezing (Galarian Weezing)","Play Rough",""
"Weezing (Galarian Weezing)","Sludge",""
"Whimsicott","Grass Knot",""
"Whimsicott","Hurricane",""
"Whimsicott","Moonblast",""
"Whirlipede","Gyro Ball",""
"Whirlipede","Signal Beam",""
"Whirlipede","Sludge Bomb",""
"Whiscash","Blizzard",""
"Whiscash","Mud Bomb",""
"Whiscash","Water Pulse",""
"Whismur","Disarming Voice",""
"Whismur","Flamethrower",""
"Whismur","Stomp",""
"Wigglytuff","Dazzling Gleam",""
"Wigglytuff","Hyper Beam",""
"Wigglytuff","Ice Beam",""
"Wigglytuff","Play Rough",""
"Wingull","Air Cutter",""
"Wingull","Ice Beam",""
"Wingull","Water Pulse",""
"Wobbuffet","Frustration","Shadow"
"Wobbuffet","Mirror Coat",""
"Wobbuffet","Return","Purified"
"Woobat","Aerial Ace",""
"Woobat","Air Cutter",""
"Woobat","Psyshock",""
"Wooper","Body Slam",""
"Wooper","Dig",""
"Wooper","Mud Bomb",""
"Wormadam (Plant Cloak)","Bug Buzz",""
"Wormadam (Plant Cloak)","Energy Ball",""
"Wormadam (Plant Cloak)","Psybeam",""
"Wormadam (Sandy Cloak)","Bug Buzz",""
"Wormadam (Sandy Cloak)","Bulldoze",""
"Wormadam (Sandy Cloak)","Psybeam",""
"Wormadam (Trash Cloak)","Bug Buzz",""
"Wormadam (Trash Cloak)","Iron Head",""
"Wormadam (Trash Cloak)","Psybeam",""
"Wurmple","Struggle",""
"Wynaut","Mirror Coat",""
"Xatu","Aerial Ace",""
"Xatu","Future Sight",""
"Xatu","Ominous Wind",""
"Yamask","Dark Pulse",""
"Yamask","Ominous Wind",""
"Yamask","Shadow Ball",""
"Yanma","Aerial Ace",""
"Yanma","Ancient Power",""
"Yanma","Silver Wind",""
"Yanmega","Aerial Ace",""
"Yanmega","Ancient Power",""
"Yanmega","Bug Buzz",""
"Zangoose","Close Combat",""
"Zangoose","Dig",""
"Zangoose","Night Slash",""
"Zapdos","Ancient Power",""
"Zapdos","Drill Peck",""
"Zapdos","Frustration","Shadow"
"Zapdos","Return","Purified"
"Zapdos","Thunder",""
"Zapdos","Thunderbolt",""
"Zapdos","Zap Cannon",""
"Zebstrika","Discharge",""
"Zebstrika","Flame Charge",""
"Zebstrika","Wild Charge",""
"Zekrom","Crunch",""
"Zekrom","Flash Cannon",""
"Zekrom","Outrage",""
"Zekrom","Wild Charge",""
"Zigzagoon","Dig",""
"Zigzagoon","Grass Knot",""
"Zigzagoon","Thunderbolt",""
"Zigzagoon (Galarian Zigzagoon)","Body Slam",""
"Zigzagoon (Galarian Zigzagoon)","Dig",""
"Zigzagoon (Galarian Zigzagoon)","Swift",""
"Zubat","Air Cutter",""
"Zubat","Frustration","Shadow"
"Zubat","Poison Fang",""
"Zubat","Return","Purified"
"Zubat","Swift",""
"Zweilous","Body Slam",""
"Zweilous","Dark Pulse",""
"Zweilous","Dragon Pulse",""
